rho_target,rho_empirical,plain_sd,cuped_sd,variance_reduction,theta_mean
0.0,-0.0006187532368835196,0.02879215100099611,0.028766174390747072,0.0018036090495402446,-0.0006068911646861273
0.2,0.2006676096026147,0.031246306985436276,0.030585561236006756,0.04184555730092421,0.20070128145903998
0.4,0.4008036343214312,0.031249905134341765,0.028568530050331758,0.1642461547516385,0.4006296354942794
0.6,0.5995702447740153,0.032354409905441334,0.024959858741545445,0.40486255032068563,0.5990714323029096
0.8,0.8003592923241871,0.030346918147869526,0.020132532588852184,0.5598835158643332,0.7996467683627974
0.95,0.950098342762037,0.031950426790668396,0.010079209228840903,0.9004824688163419,0.9503349120330421
