method,mean_estimate,sd,rmse,median_abs_error,mean_effective_sample_size
Plain diff,0.004377193622281451,0.07252521748046675,0.07253643202345962,0.048646147155294805,4000.0
CUPED,0.004210526218901336,0.06389605410290479,0.06392828201869385,0.04153302592101937,4000.0
VWE,-0.0024538849424681074,0.06142725399340699,0.06137386571419606,0.04476188248054225,2550.4477888767397
CUPED + VWE,-0.0010983546779060305,0.04163166876662664,0.04157673517499437,0.029898421904279715,2550.4477888767397
